,Year,State,County,Office,Democratic,Republican
0,2018,AZ,apache,US Senator,16298.0,7810.0
1,2018,AZ,cochise,US Senator,17383.0,26929.0
2,2018,AZ,coconino,US Senator,34240.0,19249.0
3,2018,AZ,gila,US Senator,7643.0,12180.0
4,2018,AZ,graham,US Senator,3368.0,6870.0
5,2018,AZ,la paz,US Senator,1609.0,3265.0
6,2018,AZ,maricopa,US Senator,732671.0,672505.0
7,2018,AZ,mohave,US Senator,19214.0,50209.0
8,2018,AZ,navajo,US Senator,16624.0,18767.0
9,2018,AZ,pima,US Senator,221242.0,160550.0
10,2018,AZ,santa cruz,US Senator,9241.0,3828.0
11,2018,AZ,yavapai,US Senator,40160.0,65308.0
12,2018,CT,fairfield,US Senator,210899.0,131321.0
13,2018,CT,hartford,US Senator,203591.0,123864.0
14,2018,CT,middlesex,US Senator,42383.0,32836.0
15,2018,CT,new haven,US Senator,179714.0,126004.0
16,2018,CT,tolland,US Senator,34732.0,28046.0
17,2018,CT,windham,US Senator,20490.0,19032.0
18,2018,DE,sussex,US Senator,40675.0,50391.0
19,2018,FL,alachua,US Senator,74493.0,40599.0
20,2018,FL,baker,US Senator,1945.0,8579.0
21,2018,FL,bay,US Senator,16723.0,46681.0
22,2018,FL,bradford,US Senator,2879.0,7576.0
23,2018,FL,brevard,US Senator,121112.0,160305.0
24,2018,FL,broward,US Senator,472239.0,211397.0
25,2018,FL,charlotte,US Senator,33525.0,52916.0
26,2018,FL,citrus,US Senator,22660.0,48008.0
27,2018,FL,collier,US Senator,54390.0,101266.0
28,2018,FL,desoto,US Senator,3328.0,5503.0
29,2018,FL,dixie,US Senator,1322.0,4442.0
30,2018,FL,duval,US Senator,192381.0,185904.0
31,2018,FL,escambia,US Senator,52891.0,75947.0
32,2018,FL,flagler,US Senator,21419.0,31467.0
33,2018,FL,franklin,US Senator,2011.0,3404.0
34,2018,FL,gadsden,US Senator,13945.0,6051.0
35,2018,FL,gilchrist,US Senator,1633.0,5703.0
36,2018,FL,glades,US Senator,1156.0,2666.0
37,2018,FL,gulf,US Senator,1580.0,4321.0
38,2018,FL,hamilton,US Senator,1671.0,2856.0
39,2018,FL,hendry,US Senator,3542.0,5304.0
40,2018,FL,hillsborough,US Senator,281661.0,239641.0
41,2018,FL,holmes,US Senator,856.0,5919.0
42,2018,FL,indian river,US Senator,29195.0,44798.0
43,2018,FL,jackson,US Senator,5182.0,10791.0
44,2018,FL,lafayette,US Senator,623.0,2195.0
45,2018,FL,lake,US Senator,61402.0,93537.0
46,2018,FL,leon,US Senator,91097.0,48767.0
47,2018,FL,madison,US Senator,3425.0,4184.0
48,2018,FL,manatee,US Senator,68877.0,94390.0
49,2018,FL,marion,US Senator,59025.0,95592.0
50,2018,FL,martin,US Senator,30691.0,46733.0
51,2018,FL,miami-dade,US Senator,485496.0,316020.0
52,2018,FL,monroe,US Senator,18051.0,18035.0
53,2018,FL,nassau,US Senator,11703.0,31795.0
54,2018,FL,okeechobee,US Senator,3496.0,7727.0
55,2018,FL,orange,US Senator,294308.0,180763.0
56,2018,FL,osceola,US Senator,67123.0,47898.0
57,2018,FL,pinellas,US Senator,228712.0,205935.0
58,2018,FL,polk,US Senator,105748.0,138751.0
59,2018,FL,putnam,US Senator,9344.0,18689.0
60,2018,FL,santa rosa,US Senator,19047.0,56374.0
61,2018,FL,sarasota,US Senator,96973.0,113585.0
62,2018,FL,seminole,US Senator,101504.0,97457.0
63,2018,FL,st. johns,US Senator,45638.0,85031.0
64,2018,FL,st. lucie,US Senator,63978.0,59612.0
65,2018,FL,suwannee,US Senator,4044.0,11842.0
66,2018,FL,taylor,US Senator,2263.0,5638.0
67,2018,FL,union,US Senator,1197.0,3650.0
68,2018,FL,wakulla,US Senator,4868.0,9322.0
69,2018,FL,walton,US Senator,7485.0,22776.0
70,2018,FL,washington,US Senator,1959.0,7101.0
71,2018,HI,hawaii,US Senator,43348.0,15031.0
72,2018,HI,honolulu,US Senator,176705.0,79503.0
73,2018,HI,kauai,US Senator,18510.0,6120.0
74,2018,HI,maui,US Senator,37753.0,11381.0
75,2018,IN,adams,US Senator,3146.0,7511.0
76,2018,IN,allen,US Senator,55903.0,65927.0
77,2018,IN,blackford,US Senator,1275.0,2303.0
78,2018,IN,boone,US Senator,10981.0,15540.0
79,2018,IN,carroll,US Senator,2071.0,4518.0
80,2018,IN,cass,US Senator,4061.0,6617.0
81,2018,IN,clark,US Senator,18551.0,22766.0
82,2018,IN,clay,US Senator,2601.0,6207.0
83,2018,IN,crawford,US Senator,1504.0,2252.0
84,2018,IN,dearborn,US Senator,4481.0,13287.0
85,2018,IN,decatur,US Senator,2287.0,6246.0
86,2018,IN,dekalb,US Senator,4204.0,9167.0
87,2018,IN,delaware,US Senator,18159.0,17447.0
88,2018,IN,dubois,US Senator,5264.0,11204.0
89,2018,IN,fayette,US Senator,2295.0,4704.0
90,2018,IN,floyd,US Senator,14070.0,16588.0
91,2018,IN,fountain,US Senator,1496.0,4060.0
92,2018,IN,franklin,US Senator,1619.0,5614.0
93,2018,IN,fulton,US Senator,2539.0,4154.0
94,2018,IN,grant,US Senator,6745.0,12393.0
95,2018,IN,greene,US Senator,3313.0,6949.0
96,2018,IN,hamilton,US Senator,61337.0,72325.0
97,2018,IN,hancock,US Senator,9770.0,19097.0
98,2018,IN,harrison,US Senator,5131.0,9847.0
99,2018,IN,hendricks,US Senator,23599.0,36966.0
100,2018,IN,howard,US Senator,11159.0,16736.0
101,2018,IN,huntington,US Senator,3699.0,8879.0
102,2018,IN,jackson,US Senator,4198.0,9431.0
103,2018,IN,jasper,US Senator,3278.0,6987.0
104,2018,IN,jay,US Senator,1933.0,3990.0
105,2018,IN,jefferson,US Senator,4313.0,6345.0
106,2018,IN,johnson,US Senator,17479.0,32540.0
107,2018,IN,lagrange,US Senator,2217.0,5183.0
108,2018,IN,lake,US Senator,104390.0,54564.0
109,2018,IN,laporte,US Senator,20014.0,16008.0
110,2018,IN,lawrence,US Senator,4434.0,10274.0
111,2018,IN,madison,US Senator,18701.0,22841.0
112,2018,IN,marion,US Senator,197880.0,98385.0
113,2018,IN,marshall,US Senator,5619.0,8747.0
114,2018,IN,martin,US Senator,1127.0,2997.0
115,2018,IN,monroe,US Senator,34193.0,15540.0
116,2018,IN,montgomery,US Senator,3518.0,8362.0
117,2018,IN,morgan,US Senator,6471.0,17539.0
118,2018,IN,ohio,US Senator,747.0,1586.0
119,2018,IN,owen,US Senator,2210.0,4601.0
120,2018,IN,parke,US Senator,1499.0,3532.0
121,2018,IN,perry,US Senator,3364.0,3450.0
122,2018,IN,pike,US Senator,1679.0,3235.0
123,2018,IN,porter,US Senator,33390.0,29368.0
124,2018,IN,posey,US Senator,3881.0,6324.0
125,2018,IN,pulaski,US Senator,1617.0,2583.0
126,2018,IN,randolph,US Senator,2467.0,5138.0
127,2018,IN,ripley,US Senator,2350.0,6880.0
128,2018,IN,rush,US Senator,1690.0,3991.0
129,2018,IN,scott,US Senator,3113.0,4241.0
130,2018,IN,shelby,US Senator,4333.0,9340.0
131,2018,IN,st. joseph,US Senator,53758.0,36456.0
132,2018,IN,starke,US Senator,3119.0,4149.0
133,2018,IN,steuben,US Senator,3864.0,7839.0
134,2018,IN,sullivan,US Senator,2663.0,4340.0
135,2018,IN,tippecanoe,US Senator,26376.0,22649.0
136,2018,IN,tipton,US Senator,1734.0,4062.0
137,2018,IN,union,US Senator,682.0,1749.0
138,2018,IN,vanderburgh,US Senator,27183.0,29375.0
139,2018,IN,vigo,US Senator,15171.0,14813.0
140,2018,IN,warren,US Senator,914.0,2208.0
141,2018,IN,warrick,US Senator,9594.0,14010.0
142,2018,IN,washington,US Senator,2806.0,6127.0
143,2018,IN,wayne,US Senator,7482.0,11241.0
144,2018,IN,wells,US Senator,2694.0,7819.0
145,2018,IN,white,US Senator,2736.0,5100.0
146,2018,IN,whitley,US Senator,3818.0,9019.0
147,2018,MA,barnstable,US Senator,125340.0,103620.0
148,2018,MA,essex,US Senator,356686.0,242134.0
149,2018,MA,franklin,US Senator,45824.0,17580.0
150,2018,MA,hampshire,US Senator,99886.0,36434.0
151,2018,MA,middlesex,US Senator,881802.0,405742.0
152,2018,MA,nantucket,US Senator,5324.0,2702.0
153,2018,MA,norfolk,US Senator,359706.0,234404.0
154,2018,MA,plymouth,US Senator,215190.0,219990.0
155,2018,MA,suffolk,US Senator,393246.0,93004.0
156,2018,MD,anne arundel,US Senator,122910.0,92401.0
157,2018,MD,baltimore city,US Senator,160370.0,16184.0
158,2018,MD,baltimore,US Senator,197530.0,106275.0
159,2018,MD,calvert,US Senator,17372.0,19901.0
160,2018,MD,caroline,US Senator,4265.0,6474.0
161,2018,MD,charles,US Senator,44874.0,17872.0
162,2018,MD,dorchester,US Senator,5928.0,5864.0
163,2018,MD,frederick,US Senator,55256.0,47038.0
164,2018,MD,garrett,US Senator,2817.0,7801.0
165,2018,MD,kent,US Senator,4588.0,3490.0
166,2018,MD,prince george's,US Senator,286975.0,24140.0
167,2018,MD,somerset,US Senator,3652.0,3882.0
168,2018,MD,st. mary's,US Senator,16849.0,21393.0
169,2018,MD,washington,US Senator,19956.0,28319.0
170,2018,MD,wicomico,US Senator,16539.0,15644.0
171,2018,MD,worcester,US Senator,9840.0,12886.0
172,2018,ME,androscoggin,US Senator,22150.0,18931.0
173,2018,ME,cumberland,US Senator,93860.0,40053.0
174,2018,ME,hancock,US Senator,15463.0,9837.0
175,2018,ME,knox,US Senator,12009.0,6270.0
176,2018,ME,lincoln,US Senator,10763.0,6814.0
177,2018,ME,oxford,US Senator,12954.0,10510.0
178,2018,ME,penobscot,US Senator,31290.0,27692.0
179,2018,ME,somerset,US Senator,9631.0,9831.0
180,2018,ME,washington,US Senator,6310.0,5770.0
181,2018,ME,york,US Senator,51387.0,32849.0
182,2018,MI,alcona,US Senator,1915.0,3541.0
183,2018,MI,alger,US Senator,1911.0,2162.0
184,2018,MI,alpena,US Senator,5412.0,7380.0
185,2018,MI,antrim,US Senator,4953.0,7629.0
186,2018,MI,baraga,US Senator,1344.0,1825.0
187,2018,MI,bay,US Senator,22502.0,22752.0
188,2018,MI,branch,US Senator,5144.0,9666.0
189,2018,MI,calhoun,US Senator,22739.0,25950.0
190,2018,MI,cass,US Senator,7079.0,11811.0
191,2018,MI,cheboygan,US Senator,4825.0,7384.0
192,2018,MI,chippewa,US Senator,5901.0,7767.0
193,2018,MI,clinton,US Senator,17564.0,18946.0
194,2018,MI,crawford,US Senator,2306.0,3751.0
195,2018,MI,delta,US Senator,6932.0,9197.0
196,2018,MI,eaton,US Senator,26147.0,23771.0
197,2018,MI,emmet,US Senator,7620.0,9875.0
198,2018,MI,genesee,US Senator,95903.0,68648.0
199,2018,MI,gladwin,US Senator,4160.0,6604.0
200,2018,MI,gogebic,US Senator,3311.0,3078.0
201,2018,MI,grand traverse,US Senator,22757.0,24903.0
202,2018,MI,hillsdale,US Senator,5079.0,11310.0
203,2018,MI,houghton,US Senator,6533.0,7503.0
204,2018,MI,huron,US Senator,5087.0,8312.0
205,2018,MI,iosco,US Senator,4752.0,6694.0
206,2018,MI,jackson,US Senator,25858.0,33490.0
207,2018,MI,keweenaw,US Senator,598.0,704.0
208,2018,MI,lake,US Senator,1936.0,2633.0
209,2018,MI,lapeer,US Senator,14396.0,24206.0
210,2018,MI,leelanau,US Senator,7216.0,6775.0
211,2018,MI,livingston,US Senator,37450.0,58020.0
212,2018,MI,luce,US Senator,811.0,1524.0
213,2018,MI,mackinac,US Senator,2325.0,3298.0
214,2018,MI,macomb,US Senator,179975.0,173369.0
215,2018,MI,manistee,US Senator,5242.0,6183.0
216,2018,MI,marquette,US Senator,16977.0,12348.0
217,2018,MI,mason,US Senator,5708.0,7625.0
218,2018,MI,menominee,US Senator,3653.0,4982.0
219,2018,MI,missaukee,US Senator,1783.0,4650.0
220,2018,MI,monroe,US Senator,26651.0,33607.0
221,2018,MI,montcalm,US Senator,8758.0,13878.0
222,2018,MI,montmorency,US Senator,1537.0,2978.0
223,2018,MI,muskegon,US Senator,35957.0,30831.0
224,2018,MI,newaygo,US Senator,6858.0,12870.0
225,2018,MI,oakland,US Senator,338986.0,256017.0
226,2018,MI,oceana,US Senator,4213.0,6263.0
227,2018,MI,ogemaw,US Senator,3280.0,5592.0
228,2018,MI,ontonagon,US Senator,1313.0,1752.0
229,2018,MI,osceola,US Senator,2934.0,6186.0
230,2018,MI,oscoda,US Senator,1221.0,2410.0
231,2018,MI,otsego,US Senator,3969.0,7092.0
232,2018,MI,ottawa,US Senator,45696.0,80318.0
233,2018,MI,presque isle,US Senator,2760.0,3788.0
234,2018,MI,roscommon,US Senator,4643.0,6864.0
235,2018,MI,saginaw,US Senator,41472.0,37809.0
236,2018,MI,sanilac,US Senator,5418.0,10657.0
237,2018,MI,schoolcraft,US Senator,1547.0,2099.0
238,2018,MI,st. clair,US Senator,27540.0,38329.0
239,2018,MI,st. joseph,US Senator,7278.0,12489.0
240,2018,MI,washtenaw,US Senator,123305.0,47380.0
241,2018,MI,wayne,US Senator,455176.0,190884.0
242,2018,MI,wexford,US Senator,4832.0,8745.0
243,2018,MN,aitkin,US Senator,4118.0,3808.0
244,2018,MN,anoka,US Senator,87756.0,65707.0
245,2018,MN,becker,US Senator,6699.0,7520.0
246,2018,MN,beltrami,US Senator,9711.0,7562.0
247,2018,MN,benton,US Senator,7131.0,8290.0
248,2018,MN,big stone,US Senator,1368.0,1127.0
249,2018,MN,blue earth,US Senator,16776.0,9984.0
250,2018,MN,brown,US Senator,5614.0,5816.0
251,2018,MN,carver,US Senator,27168.0,22540.0
252,2018,MN,cass,US Senator,6243.0,7332.0
253,2018,MN,chippewa,US Senator,2925.0,2422.0
254,2018,MN,chisago,US Senator,12138.0,12663.0
255,2018,MN,clay,US Senator,14950.0,8480.0
256,2018,MN,clearwater,US Senator,1302.0,2080.0
257,2018,MN,cottonwood,US Senator,2413.0,2488.0
258,2018,MN,crow wing,US Senator,14206.0,16132.0
259,2018,MN,dakota,US Senator,127016.0,73462.0
260,2018,MN,douglas,US Senator,8504.0,9113.0
261,2018,MN,faribault,US Senator,3031.0,3103.0
262,2018,MN,fillmore,US Senator,5128.0,4263.0
263,2018,MN,freeborn,US Senator,7675.0,5779.0
264,2018,MN,goodhue,US Senator,12379.0,9940.0
265,2018,MN,houston,US Senator,4425.0,4149.0
266,2018,MN,hubbard,US Senator,4494.0,5312.0
267,2018,MN,isanti,US Senator,7440.0,9226.0
268,2018,MN,jackson,US Senator,2174.0,2341.0
269,2018,MN,kanabec,US Senator,3138.0,3363.0
270,2018,MN,kandiyohi,US Senator,9378.0,8596.0
271,2018,MN,koochiching,US Senator,2886.0,2238.0
272,2018,MN,lac qui parle,US Senator,1866.0,1404.0
273,2018,MN,lake,US Senator,3539.0,2196.0
274,2018,MN,lake of the woods,US Senator,729.0,1072.0
275,2018,MN,lincoln,US Senator,1164.0,1213.0
276,2018,MN,mahnomen,US Senator,1098.0,708.0
277,2018,MN,martin,US Senator,3770.0,4664.0
278,2018,MN,mcleod,US Senator,6825.0,7684.0
279,2018,MN,meeker,US Senator,4677.0,5363.0
280,2018,MN,mille lacs,US Senator,4771.0,5492.0
281,2018,MN,morrison,US Senator,5246.0,8678.0
282,2018,MN,mower,US Senator,8396.0,5705.0
283,2018,MN,murray,US Senator,1925.0,2070.0
284,2018,MN,nicollet,US Senator,9632.0,5517.0
285,2018,MN,nobles,US Senator,3185.0,3523.0
286,2018,MN,norman,US Senator,1588.0,1049.0
287,2018,MN,otter tail,US Senator,12002.0,14688.0
288,2018,MN,pennington,US Senator,2582.0,2573.0
289,2018,MN,pine,US Senator,5648.0,5528.0
290,2018,MN,pope,US Senator,2851.0,2443.0
291,2018,MN,ramsey,US Senator,182445.0,53101.0
292,2018,MN,red lake,US Senator,900.0,709.0
293,2018,MN,renville,US Senator,3194.0,2888.0
294,2018,MN,rice,US Senator,16881.0,10604.0
295,2018,MN,rock,US Senator,1452.0,2217.0
296,2018,MN,roseau,US Senator,2517.0,3771.0
297,2018,MN,saint louis,US Senator,66056.0,30293.0
298,2018,MN,sibley,US Senator,3050.0,3337.0
299,2018,MN,stearns,US Senator,31970.0,31821.0
300,2018,MN,steele,US Senator,8192.0,7490.0
301,2018,MN,stevens,US Senator,2290.0,1969.0
302,2018,MN,swift,US Senator,2147.0,1793.0
303,2018,MN,traverse,US Senator,825.0,665.0
304,2018,MN,wabasha,US Senator,4961.0,4695.0
305,2018,MN,wadena,US Senator,2044.0,3379.0
306,2018,MN,waseca,US Senator,4035.0,3872.0
307,2018,MN,washington,US Senator,78364.0,47785.0
308,2018,MN,watonwan,US Senator,2200.0,1819.0
309,2018,MN,wilkin,US Senator,1251.0,1243.0
310,2018,MN,wright,US Senator,26821.0,30572.0
311,2018,MT,big horn,US Senator,3027.0,1558.0
312,2018,MT,blaine,US Senator,1961.0,982.0
313,2018,MT,broadwater,US Senator,1071.0,2086.0
314,2018,MT,carbon,US Senator,2680.0,3209.0
315,2018,MT,carter,US Senator,128.0,602.0
316,2018,MT,cascade,US Senator,17435.0,15566.0
317,2018,MT,custer,US Senator,1942.0,2762.0
318,2018,MT,daniels,US Senator,281.0,631.0
319,2018,MT,dawson,US Senator,1233.0,2700.0
320,2018,MT,deer lodge,US Senator,2892.0,1208.0
321,2018,MT,fallon,US Senator,281.0,951.0
322,2018,MT,fergus,US Senator,1964.0,3640.0
323,2018,MT,flathead,US Senator,19652.0,26759.0
324,2018,MT,gallatin,US Senator,33251.0,21248.0
325,2018,MT,glacier,US Senator,3754.0,1153.0
326,2018,MT,golden valley,US Senator,130.0,303.0
327,2018,MT,granite,US Senator,695.0,1046.0
328,2018,MT,hill,US Senator,3729.0,2434.0
329,2018,MT,judith basin,US Senator,388.0,752.0
330,2018,MT,liberty,US Senator,365.0,586.0
331,2018,MT,lincoln,US Senator,2902.0,6137.0
332,2018,MT,mccone,US Senator,227.0,773.0
333,2018,MT,meagher,US Senator,319.0,629.0
334,2018,MT,mineral,US Senator,785.0,1181.0
335,2018,MT,musselshell,US Senator,573.0,1743.0
336,2018,MT,park,US Senator,5114.0,4357.0
337,2018,MT,phillips,US Senator,577.0,1426.0
338,2018,MT,pondera,US Senator,1176.0,1413.0
339,2018,MT,powder river,US Senator,203.0,748.0
340,2018,MT,powell,US Senator,1026.0,1641.0
341,2018,MT,prairie,US Senator,177.0,450.0
342,2018,MT,ravalli,US Senator,9156.0,13622.0
343,2018,MT,roosevelt,US Senator,2013.0,1346.0
344,2018,MT,rosebud,US Senator,1511.0,1765.0
345,2018,MT,sanders,US Senator,2071.0,3856.0
346,2018,MT,sheridan,US Senator,712.0,1017.0
347,2018,MT,silver bow,US Senator,11672.0,4246.0
348,2018,MT,stillwater,US Senator,1501.0,3206.0
349,2018,MT,sweet grass,US Senator,652.0,1372.0
350,2018,MT,teton,US Senator,1290.0,1784.0
351,2018,MT,valley,US Senator,1545.0,2137.0
352,2018,MT,wheatland,US Senator,315.0,586.0
353,2018,MT,wibaux,US Senator,140.0,390.0
354,2018,ND,adams,US Senator,364.0,796.0
355,2018,ND,barnes,US Senator,2517.0,2507.0
356,2018,ND,benson,US Senator,1427.0,828.0
357,2018,ND,burleigh,US Senator,17357.0,28494.0
358,2018,ND,cass,US Senator,44723.0,32217.0
359,2018,ND,cavalier,US Senator,765.0,1181.0
360,2018,ND,dickey,US Senator,911.0,1253.0
361,2018,ND,dunn,US Senator,525.0,1499.0
362,2018,ND,eddy,US Senator,555.0,675.0
363,2018,ND,emmons,US Senator,391.0,1433.0
364,2018,ND,foster,US Senator,588.0,1052.0
365,2018,ND,golden valley,US Senator,171.0,704.0
366,2018,ND,grand forks,US Senator,14827.0,12952.0
367,2018,ND,grant,US Senator,337.0,925.0
368,2018,ND,griggs,US Senator,534.0,688.0
369,2018,ND,hettinger,US Senator,274.0,988.0
370,2018,ND,kidder,US Senator,364.0,911.0
371,2018,ND,lamoure,US Senator,857.0,1203.0
372,2018,ND,logan,US Senator,228.0,741.0
373,2018,ND,mcintosh,US Senator,467.0,982.0
374,2018,ND,mclean,US Senator,1701.0,3320.0
375,2018,ND,mercer,US Senator,1061.0,2941.0
376,2018,ND,morton,US Senator,5175.0,9583.0
377,2018,ND,mountrail,US Senator,1605.0,2208.0
378,2018,ND,nelson,US Senator,866.0,770.0
379,2018,ND,pembina,US Senator,1132.0,1814.0
380,2018,ND,pierce,US Senator,711.0,1168.0
381,2018,ND,ransom,US Senator,1399.0,890.0
382,2018,ND,renville,US Senator,356.0,832.0
383,2018,ND,rolette,US Senator,4042.0,993.0
384,2018,ND,sargent,US Senator,1171.0,821.0
385,2018,ND,sheridan,US Senator,179.0,607.0
386,2018,ND,steele,US Senator,557.0,399.0
387,2018,ND,stutsman,US Senator,4027.0,5489.0
388,2018,ND,walsh,US Senator,1937.0,2550.0
389,2018,ND,wells,US Senator,622.0,1601.0
390,2018,NE,adams,US Senator,3334.0,6487.0
391,2018,NE,antelope,US Senator,396.0,2061.0
392,2018,NE,arthur,US Senator,24.0,202.0
393,2018,NE,banner,US Senator,39.0,263.0
394,2018,NE,boone,US Senator,457.0,1757.0
395,2018,NE,burt,US Senator,836.0,1995.0
396,2018,NE,butler,US Senator,871.0,2470.0
397,2018,NE,cedar,US Senator,537.0,2866.0
398,2018,NE,chase,US Senator,184.0,1340.0
399,2018,NE,cheyenne,US Senator,579.0,2566.0
400,2018,NE,clay,US Senator,592.0,1979.0
401,2018,NE,cuming,US Senator,604.0,2672.0
402,2018,NE,custer,US Senator,687.0,3797.0
403,2018,NE,dakota,US Senator,1691.0,2677.0
404,2018,NE,dawes,US Senator,914.0,2334.0
405,2018,NE,dawson,US Senator,1657.0,4363.0
406,2018,NE,dixon,US Senator,488.0,1655.0
407,2018,NE,dodge,US Senator,3824.0,7827.0
408,2018,NE,douglas,US Senator,103070.0,94777.0
409,2018,NE,fillmore,US Senator,690.0,1718.0
410,2018,NE,frontier,US Senator,173.0,831.0
411,2018,NE,furnas,US Senator,334.0,1719.0
412,2018,NE,gage,US Senator,3024.0,4896.0
413,2018,NE,garfield,US Senator,113.0,667.0
414,2018,NE,gosper,US Senator,147.0,667.0
415,2018,NE,grant,US Senator,14.0,282.0
416,2018,NE,hall,US Senator,5624.0,10483.0
417,2018,NE,hamilton,US Senator,896.0,3076.0
418,2018,NE,harlan,US Senator,287.0,1149.0
419,2018,NE,hitchcock,US Senator,154.0,890.0
420,2018,NE,hooker,US Senator,49.0,258.0
421,2018,NE,jefferson,US Senator,924.0,1913.0
422,2018,NE,keith,US Senator,567.0,2542.0
423,2018,NE,kimball,US Senator,202.0,1122.0
424,2018,NE,knox,US Senator,669.0,2812.0
425,2018,NE,lancaster,US Senator,0.0,0.0
426,2018,NE,lincoln,US Senator,2886.0,8999.0
427,2018,NE,logan,US Senator,23.0,306.0
428,2018,NE,loup,US Senator,51.0,247.0
429,2018,NE,madison,US Senator,2236.0,7949.0
430,2018,NE,mcpherson,US Senator,22.0,228.0
431,2018,NE,merrick,US Senator,647.0,2563.0
432,2018,NE,morrill,US Senator,308.0,1699.0
433,2018,NE,nance,US Senator,315.0,885.0
434,2018,NE,nemaha,US Senator,727.0,1788.0
435,2018,NE,nuckolls,US Senator,365.0,1321.0
436,2018,NE,otoe,US Senator,1977.0,4098.0
437,2018,NE,pawnee,US Senator,332.0,774.0
438,2018,NE,perkins,US Senator,180.0,1011.0
439,2018,NE,phelps,US Senator,671.0,3068.0
440,2018,NE,pierce,US Senator,341.0,2339.0
441,2018,NE,platte,US Senator,2343.0,8372.0
442,2018,NE,polk,US Senator,448.0,1574.0
443,2018,NE,red willow,US Senator,696.0,3051.0
444,2018,NE,richardson,US Senator,858.0,2137.0
445,2018,NE,rock,US Senator,79.0,569.0
446,2018,NE,sarpy,US Senator,25706.0,39306.0
447,2018,NE,saunders,US Senator,2664.0,6479.0
448,2018,NE,scotts bluff,US Senator,2887.0,7398.0
449,2018,NE,sheridan,US Senator,275.0,1670.0
450,2018,NE,thayer,US Senator,539.0,1606.0
451,2018,NE,thomas,US Senator,36.0,291.0
452,2018,NE,valley,US Senator,359.0,1388.0
453,2018,NE,washington,US Senator,2438.0,6462.0
454,2018,NE,webster,US Senator,318.0,997.0
455,2018,NE,wheeler,US Senator,60.0,343.0
456,2018,NE,york,US Senator,1281.0,3659.0
457,2018,NJ,camden,US Senator,113137.0,63279.0
458,2018,NJ,cumberland,US Senator,19386.0,19244.0
459,2018,NJ,hudson,US Senator,132180.0,36087.0
460,2018,NJ,hunterdon,US Senator,24823.0,36116.0
461,2018,NJ,middlesex,US Senator,148806.0,98764.0
462,2018,NJ,ocean,US Senator,75597.0,141902.0
463,2018,NJ,passaic,US Senator,86242.0,58382.0
464,2018,NJ,salem,US Senator,9060.0,13687.0
465,2018,NJ,somerset,US Senator,70359.0,61373.0
466,2018,NJ,sussex,US Senator,20229.0,37720.0
467,2018,NJ,warren,US Senator,14452.0,24357.0
468,2018,NM,catron,US Senator,550.0,1075.0
469,2018,NM,chaves,US Senator,5279.0,8727.0
470,2018,NM,cibola,US Senator,3924.0,1842.0
471,2018,NM,curry,US Senator,2793.0,5896.0
472,2018,NM,de baca,US Senator,267.0,342.0
473,2018,NM,dona ana,US Senator,34651.0,18101.0
474,2018,NM,eddy,US Senator,4834.0,8826.0
475,2018,NM,guadalupe,US Senator,1094.0,292.0
476,2018,NM,harding,US Senator,198.0,199.0
477,2018,NM,lea,US Senator,3331.0,8882.0
478,2018,NM,luna,US Senator,3005.0,2313.0
479,2018,NM,mckinley,US Senator,12409.0,2915.0
480,2018,NM,mora,US Senator,1564.0,372.0
481,2018,NM,otero,US Senator,6370.0,8460.0
482,2018,NM,quay,US Senator,1016.0,1534.0
483,2018,NM,rio arriba,US Senator,8773.0,1945.0
484,2018,NM,roosevelt,US Senator,1277.0,2606.0
485,2018,NM,san miguel,US Senator,6609.0,1298.0
486,2018,NM,santa fe,US Senator,49994.0,9546.0
487,2018,NM,socorro,US Senator,3409.0,1700.0
488,2018,NM,union,US Senator,334.0,878.0
489,2018,NV,carson city,US Senator,9321.0,12328.0
490,2018,NV,churchill,US Senator,1999.0,7042.0
491,2018,NV,clark,US Senator,359028.0,266675.0
492,2018,NV,douglas,US Senator,8303.0,16742.0
493,2018,NV,elko,US Senator,2904.0,11491.0
494,2018,NV,esmeralda,US Senator,52.0,280.0
495,2018,NV,lincoln,US Senator,283.0,1547.0
496,2018,NV,lyon,US Senator,5526.0,14296.0
497,2018,NV,mineral,US Senator,570.0,1056.0
498,2018,NV,nye,US Senator,4888.0,11397.0
499,2018,NV,storey,US Senator,724.0,1495.0
500,2018,NV,washoe,US Senator,93828.0,86988.0
501,2018,NV,white pine,US Senator,635.0,2351.0
502,2018,NY,allegany,US Senator,4844.0,8305.0
503,2018,NY,broome,US Senator,37053.0,27656.0
504,2018,NY,cattaraugus,US Senator,9199.0,11586.0
505,2018,NY,cayuga,US Senator,12339.0,11318.0
506,2018,NY,chemung,US Senator,13032.0,13508.0
507,2018,NY,chenango,US Senator,6453.0,8279.0
508,2018,NY,clinton,US Senator,14143.0,9184.0
509,2018,NY,columbia,US Senator,15963.0,9155.0
510,2018,NY,cortland,US Senator,8143.0,6244.0
511,2018,NY,delaware,US Senator,7016.0,8225.0
512,2018,NY,erie,US Senator,187978.0,101349.0
513,2018,NY,essex,US Senator,7472.0,5178.0
514,2018,NY,franklin,US Senator,7466.0,5170.0
515,2018,NY,fulton,US Senator,6235.0,8719.0
516,2018,NY,greene,US Senator,7788.0,8695.0
517,2018,NY,hamilton,US Senator,962.0,1487.0
518,2018,NY,herkimer,US Senator,8308.0,10533.0
519,2018,NY,kings,US Senator,499372.0,77030.0
520,2018,NY,livingston,US Senator,10096.0,10812.0
521,2018,NY,monroe,US Senator,160167.0,85819.0
522,2018,NY,montgomery,US Senator,6240.0,6886.0
523,2018,NY,niagara,US Senator,31813.0,29701.0
524,2018,NY,oneida,US Senator,34684.0,33095.0
525,2018,NY,onondaga,US Senator,98804.0,55240.0
526,2018,NY,ontario,US Senator,20980.0,17441.0
527,2018,NY,orange,US Senator,58942.0,45428.0
528,2018,NY,oswego,US Senator,15528.0,17754.0
529,2018,NY,queens,US Senator,379201.0,80421.0
530,2018,NY,richmond,US Senator,66388.0,59336.0
531,2018,NY,saratoga,US Senator,47535.0,36394.0
532,2018,NY,schenectady,US Senator,29286.0,18171.0
533,2018,NY,schoharie,US Senator,4666.0,5577.0
534,2018,NY,schuyler,US Senator,3029.0,3407.0
535,2018,NY,st. lawrence,US Senator,16149.0,12705.0
536,2018,NY,steuben,US Senator,12422.0,17922.0
537,2018,NY,suffolk,US Senator,269281.0,210272.0
538,2018,NY,sullivan,US Senator,11544.0,9960.0
539,2018,NY,tioga,US Senator,7272.0,9283.0
540,2018,NY,tompkins,US Senator,25143.0,7300.0
541,2018,NY,ulster,US Senator,43658.0,22952.0
542,2018,NY,warren,US Senator,13073.0,9796.0
543,2018,NY,washington,US Senator,9248.0,8596.0
544,2018,NY,wayne,US Senator,12374.0,14592.0
545,2018,NY,westchester,US Senator,221750.0,85222.0
546,2018,NY,wyoming,US Senator,3766.0,7553.0
547,2018,OH,adams,US Senator,2635.0,6000.0
548,2018,OH,ashland,US Senator,6472.0,12048.0
549,2018,OH,athens,US Senator,15472.0,7126.0
550,2018,OH,auglaize,US Senator,5557.0,13603.0
551,2018,OH,brown,US Senator,4651.0,10184.0
552,2018,OH,carroll,US Senator,3788.0,6503.0
553,2018,OH,clark,US Senator,23525.0,24446.0
554,2018,OH,clermont,US Senator,27803.0,51918.0
555,2018,OH,clinton,US Senator,4645.0,10356.0
556,2018,OH,columbiana,US Senator,13995.0,21849.0
557,2018,OH,coshocton,US Senator,4680.0,7163.0
558,2018,OH,crawford,US Senator,5345.0,9149.0
559,2018,OH,cuyahoga,US Senator,350362.0,132948.0
560,2018,OH,darke,US Senator,5569.0,13921.0
561,2018,OH,defiance,US Senator,5812.0,8003.0
562,2018,OH,delaware,US Senator,44743.0,49587.0
563,2018,OH,erie,US Senator,16659.0,13633.0
564,2018,OH,fairfield,US Senator,26518.0,32707.0
565,2018,OH,fulton,US Senator,6707.0,9454.0
566,2018,OH,gallia,US Senator,3355.0,6275.0
567,2018,OH,geauga,US Senator,19104.0,23397.0
568,2018,OH,greene,US Senator,30243.0,38102.0
569,2018,OH,guernsey,US Senator,5014.0,7529.0
570,2018,OH,hancock,US Senator,10929.0,17123.0
571,2018,OH,hardin,US Senator,3497.0,5899.0
572,2018,OH,harrison,US Senator,2480.0,3327.0
573,2018,OH,highland,US Senator,3939.0,9526.0
574,2018,OH,hocking,US Senator,4408.0,5474.0
575,2018,OH,holmes,US Senator,2059.0,6755.0
576,2018,OH,huron,US Senator,8274.0,10522.0
577,2018,OH,jackson,US Senator,3815.0,6255.0
578,2018,OH,jefferson,US Senator,11376.0,13180.0
579,2018,OH,knox,US Senator,8413.0,14290.0
580,2018,OH,licking,US Senator,29469.0,39142.0
581,2018,OH,logan,US Senator,5235.0,11243.0
582,2018,OH,lorain,US Senator,67452.0,46403.0
583,2018,OH,lucas,US Senator,100807.0,50223.0
584,2018,OH,madison,US Senator,5116.0,8617.0
585,2018,OH,mahoning,US Senator,54594.0,35654.0
586,2018,OH,medina,US Senator,34493.0,40478.0
587,2018,OH,mercer,US Senator,4504.0,12637.0
588,2018,OH,miami,US Senator,12064.0,23219.0
589,2018,OH,monroe,US Senator,2518.0,2765.0
590,2018,OH,morgan,US Senator,2115.0,2916.0
591,2018,OH,muskingum,US Senator,12395.0,16504.0
592,2018,OH,ottawa,US Senator,9477.0,8799.0
593,2018,OH,perry,US Senator,4599.0,6895.0
594,2018,OH,pickaway,US Senator,7481.0,12302.0
595,2018,OH,pike,US Senator,3900.0,4897.0
596,2018,OH,portage,US Senator,32303.0,28231.0
597,2018,OH,preble,US Senator,4942.0,10838.0
598,2018,OH,putnam,US Senator,4369.0,10408.0
599,2018,OH,richland,US Senator,17984.0,26499.0
600,2018,OH,ross,US Senator,10602.0,12738.0
601,2018,OH,sandusky,US Senator,10987.0,11141.0
602,2018,OH,scioto,US Senator,10627.0,13014.0
603,2018,OH,seneca,US Senator,8741.0,9945.0
604,2018,OH,shelby,US Senator,5183.0,13433.0
605,2018,OH,stark,US Senator,68526.0,70588.0
606,2018,OH,summit,US Senator,129479.0,83149.0
607,2018,OH,tuscarawas,US Senator,14088.0,18244.0
608,2018,OH,union,US Senator,8964.0,14747.0
609,2018,OH,vinton,US Senator,1641.0,2467.0
610,2018,OH,warren,US Senator,35815.0,63757.0
611,2018,OH,washington,US Senator,9259.0,13908.0
612,2018,OH,wayne,US Senator,15495.0,24324.0
613,2018,OH,williams,US Senator,5272.0,7927.0
614,2018,PA,adams,US Senator,14880.0,23419.0
615,2018,PA,allegheny,US Senator,355907.0,176351.0
616,2018,PA,armstrong,US Senator,8570.0,15449.0
617,2018,PA,beaver,US Senator,34442.0,31916.0
618,2018,PA,bedford,US Senator,4567.0,14044.0
619,2018,PA,bradford,US Senator,6926.0,13032.0
620,2018,PA,cameron,US Senator,653.0,1080.0
621,2018,PA,centre,US Senator,34778.0,24332.0
622,2018,PA,chester,US Senator,140138.0,92380.0
623,2018,PA,clarion,US Senator,4924.0,8838.0
624,2018,PA,clearfield,US Senator,9540.0,16852.0
625,2018,PA,clinton,US Senator,5289.0,6869.0
626,2018,PA,crawford,US Senator,11720.0,17813.0
627,2018,PA,cumberland,US Senator,47738.0,54525.0
628,2018,PA,dauphin,US Senator,59533.0,47152.0
629,2018,PA,delaware,US Senator,163216.0,84423.0
630,2018,PA,elk,US Senator,4498.0,6610.0
631,2018,PA,fayette,US Senator,19563.0,20514.0
632,2018,PA,forest,US Senator,693.0,1201.0
633,2018,PA,greene,US Senator,5819.0,6422.0
634,2018,PA,indiana,US Senator,12702.0,16314.0
635,2018,PA,jefferson,US Senator,4437.0,10872.0
636,2018,PA,juniata,US Senator,2412.0,5853.0
637,2018,PA,lackawanna,US Senator,51444.0,31922.0
638,2018,PA,lancaster,US Senator,90521.0,107454.0
639,2018,PA,lawrence,US Senator,14324.0,17375.0
640,2018,PA,lebanon,US Senator,18368.0,29836.0
641,2018,PA,lehigh,US Senator,73632.0,52576.0
642,2018,PA,luzerne,US Senator,49200.0,58040.0
643,2018,PA,lycoming,US Senator,13893.0,26488.0
644,2018,PA,mercer,US Senator,18136.0,22290.0
645,2018,PA,monroe,US Senator,30626.0,23968.0
646,2018,PA,montgomery,US Senator,248454.0,126666.0
647,2018,PA,montour,US Senator,2966.0,3943.0
648,2018,PA,northumberland,US Senator,10524.0,17926.0
649,2018,PA,perry,US Senator,5186.0,11607.0
650,2018,PA,philadelphia,US Senator,481467.0,66653.0
651,2018,PA,snyder,US Senator,4322.0,8826.0
652,2018,PA,somerset,US Senator,9322.0,18896.0
653,2018,PA,sullivan,US Senator,962.0,1720.0
654,2018,PA,susquehanna,US Senator,5521.0,10112.0
655,2018,PA,tioga,US Senator,4145.0,10242.0
656,2018,PA,union,US Senator,5901.0,8317.0
657,2018,PA,venango,US Senator,6945.0,11210.0
658,2018,PA,warren,US Senator,5390.0,8734.0
659,2018,PA,washington,US Senator,39220.0,41958.0
660,2018,PA,wayne,US Senator,7625.0,12269.0
661,2018,PA,westmoreland,US Senator,63778.0,79078.0
662,2018,PA,wyoming,US Senator,3868.0,6582.0
663,2018,PA,york,US Senator,69272.0,95814.0
664,2018,RI,bristol,US Senator,13441.0,7757.0
665,2018,RI,kent,US Senator,36704.0,30749.0
666,2018,RI,newport,US Senator,21453.0,12228.0
667,2018,RI,providence,US Senator,126669.0,70495.0
668,2018,RI,washington,US Senator,33071.0,23189.0
669,2018,TN,bedford,US Senator,3929.0,8942.0
670,2018,TN,benton,US Senator,1722.0,3489.0
671,2018,TN,bledsoe,US Senator,1096.0,2908.0
672,2018,TN,blount,US Senator,16040.0,29928.0
673,2018,TN,bradley,US Senator,9030.0,24433.0
674,2018,TN,campbell,US Senator,2712.0,7208.0
675,2018,TN,cannon,US Senator,1381.0,3198.0
676,2018,TN,carroll,US Senator,2606.0,6044.0
677,2018,TN,cheatham,US Senator,5150.0,9135.0
678,2018,TN,chester,US Senator,1344.0,3902.0
679,2018,TN,claiborne,US Senator,2245.0,6083.0
680,2018,TN,coffee,US Senator,5572.0,11115.0
681,2018,TN,cumberland,US Senator,6321.0,16966.0
682,2018,TN,davidson,US Senator,172137.0,69338.0
683,2018,TN,dekalb,US Senator,1984.0,3906.0
684,2018,TN,decatur,US Senator,1080.0,2718.0
685,2018,TN,dickson,US Senator,5992.0,10465.0
686,2018,TN,franklin,US Senator,4776.0,8981.0
687,2018,TN,gibson,US Senator,5353.0,10407.0
688,2018,TN,giles,US Senator,3082.0,6403.0
689,2018,TN,grainger,US Senator,1658.0,5039.0
690,2018,TN,greene,US Senator,5398.0,14844.0
691,2018,TN,grundy,US Senator,1101.0,2587.0
692,2018,TN,hamblen,US Senator,4972.0,12134.0
693,2018,TN,hamilton,US Senator,65119.0,67152.0
694,2018,TN,hancock,US Senator,422.0,1327.0
695,2018,TN,hardeman,US Senator,3560.0,3869.0
696,2018,TN,hawkins,US Senator,4222.0,13058.0
697,2018,TN,henderson,US Senator,2024.0,6514.0
698,2018,TN,henry,US Senator,3497.0,7190.0
699,2018,TN,hickman,US Senator,2286.0,4563.0
700,2018,TN,houston,US Senator,1078.0,1613.0
701,2018,TN,jackson,US Senator,1361.0,2514.0
702,2018,TN,johnson,US Senator,1301.0,4520.0
703,2018,TN,lake,US Senator,490.0,930.0
704,2018,TN,lauderdale,US Senator,2810.0,3745.0
705,2018,TN,lawrence,US Senator,3439.0,9365.0
706,2018,TN,lewis,US Senator,1177.0,2836.0
707,2018,TN,lincoln,US Senator,2437.0,7949.0
708,2018,TN,loudon,US Senator,6371.0,14834.0
709,2018,TN,macon,US Senator,1483.0,4768.0
710,2018,TN,madison,US Senator,15316.0,17127.0
711,2018,TN,marion,US Senator,3166.0,5839.0
712,2018,TN,marshall,US Senator,3380.0,6543.0
713,2018,TN,maury,US Senator,12560.0,19569.0
714,2018,TN,mcminn,US Senator,4122.0,11434.0
715,2018,TN,mcnairy,US Senator,2036.0,6007.0
716,2018,TN,meigs,US Senator,0.0,0.0
717,2018,TN,monroe,US Senator,3838.0,10274.0
718,2018,TN,montgomery,US Senator,24807.0,25932.0
719,2018,TN,moore,US Senator,611.0,1856.0
720,2018,TN,morgan,US Senator,1436.0,4083.0
721,2018,TN,overton,US Senator,2452.0,4640.0
722,2018,TN,perry,US Senator,724.0,1644.0
723,2018,TN,pickett,US Senator,646.0,1599.0
724,2018,TN,polk,US Senator,1585.0,4127.0
725,2018,TN,putnam,US Senator,8750.0,15230.0
726,2018,TN,rhea,US Senator,2371.0,6866.0
727,2018,TN,roane,US Senator,6242.0,12727.0
728,2018,TN,robertson,US Senator,8311.0,15501.0
729,2018,TN,rutherford,US Senator,45692.0,52254.0
730,2018,TN,sequatchie,US Senator,1367.0,3564.0
731,2018,TN,shelby,US Senator,190885.0,96493.0
732,2018,TN,smith,US Senator,2111.0,4317.0
733,2018,TN,stewart,US Senator,1492.0,2938.0
734,2018,TN,sullivan,US Senator,15183.0,38753.0
735,2018,TN,sumner,US Senator,23762.0,41099.0
736,2018,TN,tipton,US Senator,5625.0,13390.0
737,2018,TN,unicoi,US Senator,1554.0,4659.0
738,2018,TN,van buren,US Senator,711.0,1451.0
739,2018,TN,warren,US Senator,4200.0,7018.0
740,2018,TN,washington,US Senator,16246.0,28514.0
741,2018,TN,wayne,US Senator,906.0,3787.0
742,2018,TN,white,US Senator,2293.0,5979.0
743,2018,TN,williamson,US Senator,42611.0,62039.0
744,2018,TN,wilson,US Senator,19447.0,32810.0
745,2018,TX,anderson,US Senator,3307.0,11335.0
746,2018,TX,angelina,US Senator,7130.0,19166.0
747,2018,TX,archer,US Senator,376.0,3208.0
748,2018,TX,armstrong,US Senator,74.0,819.0
749,2018,TX,atascosa,US Senator,4332.0,7753.0
750,2018,TX,bailey,US Senator,405.0,1202.0
751,2018,TX,bastrop,US Senator,12082.0,15067.0
752,2018,TX,baylor,US Senator,156.0,1072.0
753,2018,TX,bee,US Senator,0.0,0.0
754,2018,TX,bell,US Senator,38417.0,47437.0
755,2018,TX,bexar,US Senator,326121.0,217204.0
756,2018,TX,blanco,US Senator,1567.0,4180.0
757,2018,TX,borden,US Senator,22.0,320.0
758,2018,TX,bosque,US Senator,1374.0,5718.0
759,2018,TX,bowie,US Senator,7960.0,20131.0
760,2018,TX,brazoria,US Senator,45228.0,65693.0
761,2018,TX,brazos,US Senator,27876.0,35971.0
762,2018,TX,brewster,US Senator,2147.0,1879.0
763,2018,TX,brown,US Senator,1671.0,10391.0
764,2018,TX,burleson,US Senator,1427.0,5079.0
765,2018,TX,burnet,US Senator,4444.0,13859.0
766,2018,TX,caldwell,US Senator,5227.0,6147.0
767,2018,TX,calhoun,US Senator,1874.0,4198.0
768,2018,TX,callahan,US Senator,610.0,4373.0
769,2018,TX,camp,US Senator,1119.0,2749.0
770,2018,TX,carson,US Senator,244.0,2185.0
771,2018,TX,castro,US Senator,394.0,1219.0
772,2018,TX,cherokee,US Senator,3200.0,11621.0
773,2018,TX,clay,US Senator,547.0,3710.0
774,2018,TX,cochran,US Senator,140.0,541.0
775,2018,TX,coke,US Senator,137.0,1150.0
776,2018,TX,collin,US Senator,165614.0,187425.0
777,2018,TX,colorado,US Senator,1825.0,5779.0
778,2018,TX,comal,US Senator,16830.0,44079.0
779,2018,TX,comanche,US Senator,781.0,3800.0
780,2018,TX,cooke,US Senator,2545.0,11868.0
781,2018,TX,coryell,US Senator,5067.0,10626.0
782,2018,TX,cottle,US Senator,97.0,458.0
783,2018,TX,crane,US Senator,213.0,836.0
784,2018,TX,crockett,US Senator,340.0,928.0
785,2018,TX,crosby,US Senator,437.0,978.0
786,2018,TX,culberson,US Senator,521.0,297.0
787,2018,TX,dallam,US Senator,139.0,970.0
788,2018,TX,dallas,US Senator,481395.0,241126.0
789,2018,TX,dawson,US Senator,811.0,2192.0
790,2018,TX,dewitt,US Senator,1128.0,4974.0
791,2018,TX,deaf smith,US Senator,1067.0,2680.0
792,2018,TX,denton,US Senator,134649.0,158744.0
793,2018,TX,dimmit,US Senator,2041.0,839.0
794,2018,TX,donley,US Senator,161.0,1110.0
795,2018,TX,duval,US Senator,2765.0,1328.0
796,2018,TX,eastland,US Senator,800.0,5377.0
797,2018,TX,el paso,US Senator,151482.0,50943.0
798,2018,TX,falls,US Senator,1445.0,3215.0
799,2018,TX,fannin,US Senator,2107.0,8569.0
800,2018,TX,fayette,US Senator,2198.0,8227.0
801,2018,TX,fisher,US Senator,340.0,1139.0
802,2018,TX,floyd,US Senator,476.0,1394.0
803,2018,TX,foard,US Senator,113.0,321.0
804,2018,TX,fort bend,US Senator,142399.0,111423.0
805,2018,TX,franklin,US Senator,639.0,3300.0
806,2018,TX,freestone,US Senator,1279.0,5243.0
807,2018,TX,gaines,US Senator,513.0,3317.0
808,2018,TX,galveston,US Senator,45065.0,67641.0
809,2018,TX,garza,US Senator,203.0,1068.0
810,2018,TX,glasscock,US Senator,37.0,513.0
811,2018,TX,goliad,US Senator,717.0,2326.0
812,2018,TX,gonzales,US Senator,1422.0,4174.0
813,2018,TX,gray,US Senator,615.0,5246.0
814,2018,TX,grayson,US Senator,11157.0,31655.0
815,2018,TX,grimes,US Senator,2034.0,6490.0
816,2018,TX,guadalupe,US Senator,20079.0,33938.0
817,2018,TX,hale,US Senator,1970.0,5360.0
818,2018,TX,hamilton,US Senator,507.0,2795.0
819,2018,TX,hardin,US Senator,2636.0,17391.0
820,2018,TX,harris,US Senator,700200.0,498902.0
821,2018,TX,harrison,US Senator,6245.0,16226.0
822,2018,TX,hartley,US Senator,151.0,1451.0
823,2018,TX,hays,US Senator,45290.0,33098.0
824,2018,TX,hemphill,US Senator,157.0,1209.0
825,2018,TX,henderson,US Senator,5415.0,20891.0
826,2018,TX,hill,US Senator,2443.0,8927.0
827,2018,TX,hockley,US Senator,1211.0,4844.0
828,2018,TX,hood,US Senator,4720.0,20090.0
829,2018,TX,hopkins,US Senator,2545.0,9306.0
830,2018,TX,houston,US Senator,1772.0,5552.0
831,2018,TX,hudspeth,US Senator,404.0,506.0
832,2018,TX,hunt,US Senator,7151.0,21115.0
833,2018,TX,hutchinson,US Senator,753.0,5854.0
834,2018,TX,irion,US Senator,96.0,636.0
835,2018,TX,jack,US Senator,296.0,2498.0
836,2018,TX,jackson,US Senator,832.0,3911.0
837,2018,TX,jeff davis,US Senator,466.0,683.0
838,2018,TX,jim hogg,US Senator,1060.0,409.0
839,2018,TX,johnson,US Senator,12211.0,39571.0
840,2018,TX,jones,US Senator,832.0,4115.0
841,2018,TX,karnes,US Senator,1203.0,2900.0
842,2018,TX,kaufman,US Senator,12002.0,26118.0
843,2018,TX,kendall,US Senator,4340.0,15292.0
844,2018,TX,kenedy,US Senator,77.0,100.0
845,2018,TX,kent,US Senator,44.0,293.0
846,2018,TX,kerr,US Senator,5198.0,16822.0
847,2018,TX,king,US Senator,6.0,124.0
848,2018,TX,knox,US Senator,229.0,855.0
849,2018,TX,la salle,US Senator,813.0,673.0
850,2018,TX,lamar,US Senator,3715.0,12688.0
851,2018,TX,lamb,US Senator,699.0,2741.0
852,2018,TX,lampasas,US Senator,1569.0,5836.0
853,2018,TX,lavaca,US Senator,1019.0,6688.0
854,2018,TX,leon,US Senator,855.0,5711.0
855,2018,TX,liberty,US Senator,4421.0,16041.0
856,2018,TX,limestone,US Senator,1672.0,5211.0
857,2018,TX,lipscomb,US Senator,116.0,942.0
858,2018,TX,live oak,US Senator,602.0,3032.0
859,2018,TX,llano,US Senator,2124.0,7954.0
860,2018,TX,loving,US Senator,6.0,46.0
861,2018,TX,lubbock,US Senator,32068.0,58780.0
862,2018,TX,lynn,US Senator,323.0,1369.0
863,2018,TX,marion,US Senator,1018.0,2448.0
864,2018,TX,maverick,US Senator,7727.0,2951.0
865,2018,TX,mcculloch,US Senator,400.0,2244.0
866,2018,TX,mclennan,US Senator,28452.0,45855.0
867,2018,TX,mcmullen,US Senator,41.0,387.0
868,2018,TX,medina,US Senator,4621.0,11444.0
869,2018,TX,menard,US Senator,0.0,0.0
870,2018,TX,midland,US Senator,9723.0,32867.0
871,2018,TX,milam,US Senator,1997.0,5922.0
872,2018,TX,mills,US Senator,229.0,1764.0
873,2018,TX,mitchell,US Senator,323.0,1585.0
874,2018,TX,montague,US Senator,941.0,6424.0
875,2018,TX,montgomery,US Senator,51268.0,137395.0
876,2018,TX,moore,US Senator,787.0,3248.0
877,2018,TX,morris,US Senator,1257.0,2951.0
878,2018,TX,nacogdoches,US Senator,7732.0,13775.0
879,2018,TX,navarro,US Senator,3918.0,10391.0
880,2018,TX,nolan,US Senator,927.0,3116.0
881,2018,TX,nueces,US Senator,47392.0,45956.0
882,2018,TX,palo pinto,US Senator,1837.0,7547.0
883,2018,TX,parker,US Senator,9956.0,44071.0
884,2018,TX,pecos,US Senator,1339.0,2161.0
885,2018,TX,polk,US Senator,3850.0,12794.0
886,2018,TX,potter,US Senator,7521.0,16689.0
887,2018,TX,randall,US Senator,9613.0,38479.0
888,2018,TX,reagan,US Senator,136.0,692.0
889,2018,TX,real,US Senator,245.0,1311.0
890,2018,TX,red river,US Senator,973.0,3427.0
891,2018,TX,reeves,US Senator,1252.0,1125.0
892,2018,TX,refugio,US Senator,847.0,1636.0
893,2018,TX,robertson,US Senator,1942.0,4292.0
894,2018,TX,rockwall,US Senator,11713.0,26590.0
895,2018,TX,runnels,US Senator,385.0,2842.0
896,2018,TX,rusk,US Senator,3609.0,12595.0
897,2018,TX,sabine,US Senator,496.0,3456.0
898,2018,TX,san augustine,US Senator,734.0,2266.0
899,2018,TX,san jacinto,US Senator,1785.0,7499.0
900,2018,TX,san patricio,US Senator,6777.0,11335.0
901,2018,TX,san saba,US Senator,247.0,1811.0
902,2018,TX,schleicher,US Senator,209.0,735.0
903,2018,TX,scurry,US Senator,642.0,3705.0
904,2018,TX,shelby,US Senator,1521.0,6008.0
905,2018,TX,stephens,US Senator,324.0,2627.0
906,2018,TX,sterling,US Senator,44.0,442.0
907,2018,TX,stonewall,US Senator,112.0,497.0
908,2018,TX,sutton,US Senator,265.0,934.0
909,2018,TX,swisher,US Senator,420.0,1461.0
910,2018,TX,tarrant,US Senator,313497.0,309189.0
911,2018,TX,taylor,US Senator,10489.0,29811.0
912,2018,TX,terry,US Senator,629.0,2169.0
913,2018,TX,throckmorton,US Senator,77.0,617.0
914,2018,TX,travis,US Senator,359772.0,119278.0
915,2018,TX,tyler,US Senator,1185.0,5919.0
916,2018,TX,upshur,US Senator,2364.0,11529.0
917,2018,TX,upton,US Senator,169.0,854.0
918,2018,TX,uvalde,US Senator,3528.0,4348.0
919,2018,TX,van zandt,US Senator,2634.0,15182.0
920,2018,TX,victoria,US Senator,8046.0,19005.0
921,2018,TX,washington,US Senator,3263.0,10134.0
922,2018,TX,webb,US Senator,35159.0,13814.0
923,2018,TX,wheeler,US Senator,125.0,1679.0
924,2018,TX,wichita,US Senator,9971.0,23648.0
925,2018,TX,wilbarger,US Senator,776.0,2639.0
926,2018,TX,wilson,US Senator,4567.0,13025.0
927,2018,TX,winkler,US Senator,321.0,1123.0
928,2018,TX,wood,US Senator,2635.0,13987.0
929,2018,TX,yoakum,US Senator,335.0,1558.0
930,2018,TX,young,US Senator,821.0,5543.0
931,2018,TX,zapata,US Senator,1392.0,821.0
932,2018,UT,beaver,US Senator,298.0,1620.0
933,2018,UT,carbon,US Senator,1879.0,4387.0
934,2018,UT,daggett,US Senator,80.0,335.0
935,2018,UT,garfield,US Senator,388.0,1626.0
936,2018,UT,grand,US Senator,2138.0,1935.0
937,2018,UT,iron,US Senator,2846.0,11286.0
938,2018,UT,juab,US Senator,492.0,3320.0
939,2018,UT,kane,US Senator,746.0,2135.0
940,2018,UT,morgan,US Senator,600.0,4144.0
941,2018,UT,piute,US Senator,77.0,524.0
942,2018,UT,salt lake,US Senator,186856.0,207719.0
943,2018,UT,san juan,US Senator,2096.0,2934.0
944,2018,UT,sanpete,US Senator,1139.0,7367.0
945,2018,UT,sevier,US Senator,771.0,5810.0
946,2018,UT,uintah,US Senator,1135.0,7946.0
947,2018,UT,utah,US Senator,28856.0,135240.0
948,2018,UT,wasatch,US Senator,3467.0,8126.0
949,2018,VA,albemarle,US Senator,35701.0,16371.0
950,2018,VA,alexandria city,US Senator,53307.0,10734.0
951,2018,VA,alleghany,US Senator,1952.0,3433.0
952,2018,VA,amelia,US Senator,1938.0,3823.0
953,2018,VA,amherst,US Senator,4541.0,7779.0
954,2018,VA,appomattox,US Senator,1828.0,4751.0
955,2018,VA,arlington,US Senator,87258.0,16495.0
956,2018,VA,augusta,US Senator,8427.0,20796.0
957,2018,VA,bath,US Senator,576.0,1142.0
958,2018,VA,bland,US Senator,504.0,1916.0
959,2018,VA,botetourt,US Senator,4543.0,10720.0
960,2018,VA,bristol city,US Senator,1770.0,3427.0
961,2018,VA,brunswick,US Senator,3717.0,2394.0
962,2018,VA,buchanan,US Senator,1785.0,4095.0
963,2018,VA,buena vista city,US Senator,666.0,1047.0
964,2018,VA,campbell,US Senator,6305.0,15239.0
965,2018,VA,carroll,US Senator,2459.0,8042.0
966,2018,VA,charles city,US Senator,2131.0,1168.0
967,2018,VA,charlotte,US Senator,1871.0,2792.0
968,2018,VA,charlottesville city,US Senator,17641.0,2346.0
969,2018,VA,chesterfield,US Senator,83091.0,67835.0
970,2018,VA,colonial heights city,US Senator,2105.0,4183.0
971,2018,VA,covington city,US Senator,785.0,957.0
972,2018,VA,craig,US Senator,544.0,1615.0
973,2018,VA,culpeper,US Senator,8093.0,10913.0
974,2018,VA,danville city,US Senator,9418.0,5518.0
975,2018,VA,dickenson,US Senator,1524.0,2926.0
976,2018,VA,dinwiddie,US Senator,4865.0,5626.0
977,2018,VA,emporia city,US Senator,1163.0,608.0
978,2018,VA,essex,US Senator,2266.0,2115.0
979,2018,VA,fairfax,US Senator,340740.0,129095.0
980,2018,VA,fluvanna,US Senator,5981.0,5793.0
981,2018,VA,franklin city,US Senator,1894.0,1065.0
982,2018,VA,franklin,US Senator,6995.0,14849.0
983,2018,VA,frederick,US Senator,12885.0,20640.0
984,2018,VA,fredericksburg city,US Senator,6621.0,2832.0
985,2018,VA,galax city,US Senator,620.0,1198.0
986,2018,VA,goochland,US Senator,5443.0,7472.0
987,2018,VA,grayson,US Senator,1412.0,4249.0
988,2018,VA,greene,US Senator,3183.0,4749.0
989,2018,VA,greensville,US Senator,2109.0,1363.0
990,2018,VA,halifax,US Senator,5869.0,7691.0
991,2018,VA,hampton city,US Senator,37078.0,12696.0
992,2018,VA,harrisonburg city,US Senator,9234.0,4056.0
993,2018,VA,henry,US Senator,7061.0,11471.0
994,2018,VA,highland,US Senator,400.0,772.0
995,2018,VA,hopewell city,US Senator,3878.0,2894.0
996,2018,VA,isle of wight,US Senator,7357.0,9171.0
997,2018,VA,james city,US Senator,20146.0,17955.0
998,2018,VA,king william,US Senator,2675.0,4707.0
999,2018,VA,king and queen,US Senator,1318.0,1615.0
1000,2018,VA,lancaster,US Senator,2683.0,2947.0
1001,2018,VA,lee,US Senator,1671.0,5096.0
1002,2018,VA,lexington city,US Senator,1511.0,569.0
1003,2018,VA,loudoun,US Senator,106064.0,58369.0
1004,2018,VA,lunenburg,US Senator,1943.0,2480.0
1005,2018,VA,lynchburg city,US Senator,13582.0,12238.0
1006,2018,VA,madison,US Senator,2273.0,3655.0
1007,2018,VA,manassas park city,US Senator,3032.0,1260.0
1008,2018,VA,martinsville city,US Senator,2889.0,1566.0
1009,2018,VA,mathews,US Senator,1566.0,2791.0
1010,2018,VA,mecklenburg,US Senator,5149.0,6533.0
1011,2018,VA,middlesex,US Senator,2031.0,3014.0
1012,2018,VA,montgomery,US Senator,20109.0,14382.0
1013,2018,VA,nelson,US Senator,3808.0,3417.0
1014,2018,VA,new kent,US Senator,3736.0,6774.0
1015,2018,VA,newport news city,US Senator,39398.0,17891.0
1016,2018,VA,norfolk city,US Senator,50565.0,15603.0
1017,2018,VA,northampton,US Senator,2924.0,2124.0
1018,2018,VA,northumberland,US Senator,2631.0,3567.0
1019,2018,VA,nottoway,US Senator,2466.0,2775.0
1020,2018,VA,orange,US Senator,6148.0,8577.0
1021,2018,VA,page,US Senator,2356.0,5825.0
1022,2018,VA,patrick,US Senator,1633.0,4999.0
1023,2018,VA,pittsylvania,US Senator,8105.0,16923.0
1024,2018,VA,portsmouth city,US Senator,23985.0,8601.0
1025,2018,VA,prince george,US Senator,5475.0,7004.0
1026,2018,VA,prince william,US Senator,106449.0,54040.0
1027,2018,VA,pulaski,US Senator,4063.0,7835.0
1028,2018,VA,richmond city,US Senator,75485.0,11962.0
1029,2018,VA,richmond,US Senator,1191.0,1683.0
1030,2018,VA,roanoke,US Senator,17012.0,24194.0
1031,2018,VA,russell,US Senator,2471.0,6379.0
1032,2018,VA,salem city,US Senator,4116.0,5571.0
1033,2018,VA,scott,US Senator,1627.0,5824.0
1034,2018,VA,shenandoah,US Senator,5362.0,10836.0
1035,2018,VA,smyth,US Senator,2683.0,6864.0
1036,2018,VA,southampton,US Senator,3047.0,3869.0
1037,2018,VA,spotsylvania,US Senator,24554.0,26466.0
1038,2018,VA,stafford,US Senator,28536.0,26368.0
1039,2018,VA,staunton city,US Senator,5417.0,3937.0
1040,2018,VA,suffolk city,US Senator,21397.0,13397.0
1041,2018,VA,surry,US Senator,1997.0,1436.0
1042,2018,VA,sussex,US Senator,2258.0,1598.0
1043,2018,VA,tazewell,US Senator,2809.0,10428.0
1044,2018,VA,washington,US Senator,5825.0,14350.0
1045,2018,VA,westmoreland,US Senator,3448.0,3421.0
1046,2018,VA,williamsburg city,US Senator,4530.0,1547.0
1047,2018,VA,winchester city,US Senator,5242.0,3657.0
1048,2018,VA,wise,US Senator,2860.0,7991.0
1049,2018,VA,wythe,US Senator,2879.0,7669.0
1050,2018,VT,addison,US Senator,11964.0,4439.0
1051,2018,VT,caledonia,US Senator,6803.0,4296.0
1052,2018,VT,essex,US Senator,1059.0,976.0
1053,2018,VT,franklin,US Senator,10492.0,6782.0
1054,2018,VT,orange,US Senator,8097.0,3790.0
1055,2018,VT,orleans,US Senator,5571.0,3853.0
1056,2018,VT,rutland,US Senator,13585.0,9576.0
1057,2018,VT,washington,US Senator,19395.0,6517.0
1058,2018,VT,windham,US Senator,14386.0,3673.0
1059,2018,VT,windsor,US Senator,17354.0,6402.0
1060,2018,WA,adams,US Senator,1365.0,2867.0
1061,2018,WA,benton,US Senator,28187.0,46938.0
1062,2018,WA,chelan,US Senator,14787.0,18775.0
1063,2018,WA,clallam,US Senator,20036.0,19504.0
1064,2018,WA,clark,US Senator,102619.0,91153.0
1065,2018,WA,columbia,US Senator,731.0,1468.0
1066,2018,WA,cowlitz,US Senator,20485.0,23773.0
1067,2018,WA,douglas,US Senator,5390.0,9512.0
1068,2018,WA,ferry,US Senator,1329.0,2159.0
1069,2018,WA,franklin,US Senator,8983.0,13329.0
1070,2018,WA,garfield,US Senator,445.0,880.0
1071,2018,WA,grant,US Senator,8159.0,18333.0
1072,2018,WA,grays harbor,US Senator,13605.0,14851.0
1073,2018,WA,jefferson,US Senator,14331.0,6502.0
1074,2018,WA,king,US Senator,708654.0,247071.0
1075,2018,WA,kittitas,US Senator,8330.0,10996.0
1076,2018,WA,lewis,US Senator,11078.0,22793.0
1077,2018,WA,lincoln,US Senator,1604.0,3974.0
1078,2018,WA,mason,US Senator,13220.0,14416.0
1079,2018,WA,okanogan,US Senator,7231.0,9414.0
1080,2018,WA,pacific,US Senator,5527.0,5332.0
1081,2018,WA,pend oreille,US Senator,2477.0,4379.0
1082,2018,WA,pierce,US Senator,174097.0,152177.0
1083,2018,WA,san juan,US Senator,8016.0,3026.0
1084,2018,WA,skagit,US Senator,28122.0,26498.0
1085,2018,WA,snohomish,US Senator,184218.0,136749.0
1086,2018,WA,spokane,US Senator,112000.0,115508.0
1087,2018,WA,stevens,US Senator,7274.0,15296.0
1088,2018,WA,thurston,US Senator,72677.0,51472.0
1089,2018,WA,wahkiakum,US Senator,1082.0,1341.0
1090,2018,WA,walla walla,US Senator,11862.0,13731.0
1091,2018,WA,whatcom,US Senator,65043.0,43781.0
1092,2018,WA,yakima,US Senator,29476.0,40958.0
1093,2018,WI,adams,US Senator,4537.0,4854.0
1094,2018,WI,ashland,US Senator,4533.0,2351.0
1095,2018,WI,barron,US Senator,8571.0,9911.0
1096,2018,WI,bayfield,US Senator,5541.0,3233.0
1097,2018,WI,brown,US Senator,59132.0,55750.0
1098,2018,WI,calumet,US Senator,10741.0,12822.0
1099,2018,WI,chippewa,US Senator,13798.0,13830.0
1100,2018,WI,clark,US Senator,5084.0,6558.0
1101,2018,WI,columbia,US Senator,15230.0,11674.0
1102,2018,WI,crawford,US Senator,3852.0,2703.0
1103,2018,WI,dane,US Senator,228050.0,65515.0
1104,2018,WI,dodge,US Senator,16007.0,21482.0
1105,2018,WI,door,US Senator,9442.0,7494.0
1106,2018,WI,douglas,US Senator,11689.0,6925.0
1107,2018,WI,eau claire,US Senator,29614.0,18957.0
1108,2018,WI,florence,US Senator,729.0,1438.0
1109,2018,WI,forest,US Senator,1879.0,2062.0
1110,2018,WI,grant,US Senator,10554.0,8860.0
1111,2018,WI,green lake,US Senator,3222.0,4893.0
1112,2018,WI,iron,US Senator,1459.0,1605.0
1113,2018,WI,jackson,US Senator,4370.0,3611.0
1114,2018,WI,jefferson,US Senator,18055.0,19809.0
1115,2018,WI,juneau,US Senator,4658.0,5429.0
1116,2018,WI,kenosha,US Senator,38296.0,29181.0
1117,2018,WI,kewaunee,US Senator,4287.0,5158.0
1118,2018,WI,la crosse,US Senator,35731.0,21160.0
1119,2018,WI,lafayette,US Senator,0.0,0.0
1120,2018,WI,langlade,US Senator,3889.0,5239.0
1121,2018,WI,lincoln,US Senator,6463.0,6901.0
1122,2018,WI,manitowoc,US Senator,16541.0,18795.0
1123,2018,WI,marathon,US Senator,29084.0,32661.0
1124,2018,WI,marinette,US Senator,7520.0,9731.0
1125,2018,WI,menominee,US Senator,896.0,220.0
1126,2018,WI,milwaukee,US Senator,280426.0,111684.0
1127,2018,WI,monroe,US Senator,8151.0,8559.0
1128,2018,WI,oneida,US Senator,9338.0,10112.0
1129,2018,WI,outagamie,US Senator,41618.0,41354.0
1130,2018,WI,ozaukee,US Senator,21464.0,29480.0
1131,2018,WI,pepin,US Senator,1529.0,1578.0
1132,2018,WI,pierce,US Senator,9216.0,8247.0
1133,2018,WI,portage,US Senator,20170.0,14510.0
1134,2018,WI,racine,US Senator,45397.0,41213.0
1135,2018,WI,rock,US Senator,42616.0,25322.0
1136,2018,WI,rusk,US Senator,2654.0,3381.0
1137,2018,WI,sawyer,US Senator,3938.0,4159.0
1138,2018,WI,sheboygan,US Senator,24183.0,28667.0
1139,2018,WI,st. croix,US Senator,18765.0,21069.0
1140,2018,WI,taylor,US Senator,3028.0,5005.0
1141,2018,WI,walworth,US Senator,20299.0,24844.0
1142,2018,WI,washington,US Senator,23072.0,47102.0
1143,2018,WI,waukesha,US Senator,84147.0,136190.0
1144,2018,WI,waupaca,US Senator,9509.0,12792.0
1145,2018,WI,waushara,US Senator,4434.0,6106.0
1146,2018,WI,winnebago,US Senator,40185.0,35282.0
1147,2018,WI,wood,US Senator,15992.0,16899.0
1148,2018,WV,barbour,US Senator,2121.0,2562.0
1149,2018,WV,berkeley,US Senator,14508.0,18111.0
1150,2018,WV,boone,US Senator,3894.0,2710.0
1151,2018,WV,braxton,US Senator,2148.0,1887.0
1152,2018,WV,calhoun,US Senator,967.0,1065.0
1153,2018,WV,clay,US Senator,1141.0,1197.0
1154,2018,WV,doddridge,US Senator,746.0,1352.0
1155,2018,WV,fayette,US Senator,6502.0,5160.0
1156,2018,WV,gilmer,US Senator,944.0,929.0
1157,2018,WV,grant,US Senator,935.0,2820.0
1158,2018,WV,greenbrier,US Senator,6201.0,5563.0
1159,2018,WV,hardy,US Senator,1880.0,2467.0
1160,2018,WV,jackson,US Senator,4890.0,4964.0
1161,2018,WV,jefferson,US Senator,10666.0,9360.0
1162,2018,WV,kanawha,US Senator,39333.0,22527.0
1163,2018,WV,lewis,US Senator,2326.0,2879.0
1164,2018,WV,lincoln,US Senator,2899.0,2553.0
1165,2018,WV,marion,US Senator,10889.0,7280.0
1166,2018,WV,marshall,US Senator,5485.0,4868.0
1167,2018,WV,mason,US Senator,4270.0,3805.0
1168,2018,WV,mcdowell,US Senator,2222.0,2198.0
1169,2018,WV,mercer,US Senator,7430.0,10033.0
1170,2018,WV,mineral,US Senator,3108.0,5525.0
1171,2018,WV,monongalia,US Senator,18010.0,10918.0
1172,2018,WV,monroe,US Senator,2125.0,2644.0
1173,2018,WV,morgan,US Senator,2143.0,3783.0
1174,2018,WV,pendleton,US Senator,948.0,1478.0
1175,2018,WV,pocahontas,US Senator,1269.0,1411.0
1176,2018,WV,preston,US Senator,3686.0,5943.0
1177,2018,WV,raleigh,US Senator,10581.0,12620.0
1178,2018,WV,randolph,US Senator,4472.0,4017.0
1179,2018,WV,ritchie,US Senator,1082.0,1961.0
1180,2018,WV,roane,US Senator,2165.0,1899.0
1181,2018,WV,summers,US Senator,2069.0,1868.0
1182,2018,WV,taylor,US Senator,2376.0,2642.0
1183,2018,WV,tucker,US Senator,1469.0,1502.0
1184,2018,WV,tyler,US Senator,1065.0,1603.0
1185,2018,WV,upshur,US Senator,3102.0,4010.0
1186,2018,WV,wayne,US Senator,6395.0,5954.0
1187,2018,WV,wetzel,US Senator,2518.0,2135.0
1188,2018,WV,wood,US Senator,14189.0,13696.0
1189,2018,WV,wyoming,US Senator,2607.0,3096.0
1190,2018,WY,albany,US Senator,7576.0,6366.0
1191,2018,WY,campbell,US Senator,1628.0,11020.0
1192,2018,WY,carbon,US Senator,1359.0,3673.0
1193,2018,WY,converse,US Senator,834.0,3959.0
1194,2018,WY,fremont,US Senator,4734.0,9262.0
1195,2018,WY,goshen,US Senator,1020.0,3658.0
1196,2018,WY,johnson,US Senator,722.0,3085.0
1197,2018,WY,lincoln,US Senator,1152.0,5846.0
1198,2018,WY,natrona,US Senator,7285.0,16359.0
1199,2018,WY,niobrara,US Senator,144.0,980.0
1200,2018,WY,platte,US Senator,801.0,2850.0
1201,2018,WY,sublette,US Senator,668.0,2653.0
1202,2018,WY,sweetwater,US Senator,3943.0,8577.0
1203,2018,WY,uinta,US Senator,1371.0,4713.0
1204,2018,WY,washakie,US Senator,588.0,2423.0
